,First Name,Gender,Start Date,Last Login Time,Salary,Bonus %,Senior Management,Team
0,Douglas,Male,1993-08-06,12:42:00,97308,6.945,True,Marketing
1,Thomas,Male,1996-03-31,06:53:00,61933,4.17,True,
2,Maria,Female,1993-04-23,11:17:00,130590,11.858,False,Finance
3,Jerry,Male,2005-03-04,13:00:00,138705,9.34,True,Finance
4,Larry,Male,1998-01-24,16:47:00,101004,1.389,True,Client Services
5,Dennis,Male,1987-04-18,01:35:00,115163,10.125,False,Legal
6,Ruby,Female,1987-08-17,16:20:00,65476,10.012,True,Product
7,,Female,2015-07-20,10:43:00,45906,11.598,True,Finance
8,Angela,Female,2005-11-22,06:29:00,95570,18.523,True,Engineering
9,Frances,Female,2002-08-08,06:51:00,139852,7.524,True,Business Development
10,Louise,Female,1980-08-12,09:01:00,63241,15.132,True,
11,Julie,Female,1997-10-26,15:19:00,102508,12.637,True,Legal
12,Brandon,Male,1980-12-01,01:08:00,112807,17.492,True,Human Resources
13,Gary,Male,2008-01-27,23:40:00,109831,5.831,False,Sales
14,Kimberly,Female,1999-01-14,07:13:00,41426,14.543,True,Finance
15,Lillian,Female,2016-06-05,06:09:00,59414,1.256,False,Product
16,Jeremy,Male,2010-09-21,05:56:00,90370,7.369,False,Human Resources
17,Shawn,Male,1986-12-07,19:45:00,111737,6.414,False,Product
18,Diana,Female,1981-10-23,10:27:00,132940,19.082,False,Client Services
19,Donna,Female,2010-07-22,03:48:00,81014,1.894,False,Product
20,Lois,No Gender,1995-04-22,19:18:00,64714,4.934,True,Legal
21,Matthew,Male,1995-09-05,02:12:00,100612,13.645,False,Marketing
22,Joshua,No Gender,2012-03-08,01:58:00,90816,18.816,True,Client Services
23,,Male,2012-06-14,16:19:00,125792,5.042,True,
24,John,Male,1992-07-01,22:08:00,97950,13.873,False,Client Services
25,,Male,2012-10-08,01:12:00,37076,18.576,True,Client Services
26,Craig,Male,2000-02-27,07:45:00,37598,7.757,True,Marketing
27,Scott,No Gender,1991-07-11,18:58:00,122367,5.218,False,Legal
28,Terry,Male,1981-11-27,18:30:00,124008,13.464,True,Client Services
29,Benjamin,Male,2005-01-26,22:06:00,79529,7.008,True,Legal
30,Christina,Female,2002-08-06,13:19:00,118780,9.096,True,Engineering
31,Joyce,No Gender,2005-02-20,14:40:00,88657,12.752,False,Product
32,,Male,1998-08-21,14:27:00,122340,6.417,True,
33,Jean,Female,1993-12-18,09:07:00,119082,16.18,False,Business Development
34,Jerry,Male,2004-01-10,12:56:00,95734,19.096,False,Client Services
35,Theresa,Female,2006-10-10,01:12:00,85182,16.675,False,Sales
36,Rachel,Female,2009-02-16,20:47:00,142032,12.599,False,Business Development
37,Linda,Female,1981-10-19,20:49:00,57427,9.557,True,Client Services
38,Stephanie,Female,1986-09-13,01:52:00,36844,5.574,True,Business Development
39,,Male,2016-01-29,02:33:00,122173,7.797,True,Client Services
40,Michael,Male,2008-10-10,11:25:00,99283,2.665,True,Distribution
41,Christine,No Gender,2015-06-28,01:08:00,66582,11.308,True,Business Development
42,Beverly,Female,1998-09-09,20:26:00,121918,15.835,False,Legal
43,Marilyn,Female,1980-12-07,03:16:00,73524,5.207,True,Marketing
44,Cynthia,Female,1988-11-16,18:54:00,145146,7.482,True,Product
45,Roger,Male,1980-04-17,11:32:00,88010,13.886,True,Sales
46,Bruce,Male,2009-11-28,22:47:00,114796,6.796,False,Finance
47,Kathy,Female,2005-06-22,04:51:00,66820,9.0,True,Client Services
48,Clarence,Male,1996-03-26,05:57:00,93581,6.083,True,Business Development
49,Chris,No Gender,1980-01-24,12:13:00,113590,3.055,False,Sales
50,Nancy,Female,2000-09-23,08:05:00,94976,13.83,True,Engineering
51,,No Gender,2011-12-17,08:29:00,41126,14.009,True,Sales
52,Todd,Male,1990-02-18,02:41:00,49339,1.695,True,Human Resources
53,Alan,No Gender,2014-03-03,13:28:00,40341,17.578,True,Finance
54,Sara,Female,2007-08-15,09:23:00,83677,8.999,False,Engineering
55,Karen,Female,1999-11-30,07:46:00,102488,17.653,True,Product
56,Carl,Male,2006-05-03,17:55:00,130276,16.084,True,Finance
57,Henry,Male,1996-06-26,01:44:00,64715,15.107,True,Human Resources
58,Theresa,Female,2010-04-11,07:18:00,72670,1.481,True,Engineering
59,Irene,Female,1997-05-07,09:32:00,66851,11.279,False,Engineering
60,Paula,No Gender,2005-11-23,14:01:00,48866,4.271,False,Distribution
61,Denise,Female,2001-11-06,12:03:00,106862,3.699,False,Business Development
62,,Female,2007-06-12,17:25:00,58112,19.414,True,Marketing
63,Matthew,Male,2013-01-02,22:33:00,35203,18.04,False,Human Resources
64,Kathleen,No Gender,1990-04-11,18:46:00,77834,18.771,False,Business Development
65,Steve,Male,2009-11-11,23:44:00,61310,12.428,True,Distribution
66,Nancy,Female,2012-12-15,23:57:00,125250,2.672,True,Business Development
67,Rachel,Female,1999-08-16,06:53:00,51178,9.735,True,Finance
68,Jose,Male,2004-10-30,13:39:00,84834,14.33,True,Finance
69,Irene,No Gender,2015-07-14,16:31:00,100863,4.382,True,Finance
70,Todd,No Gender,2003-06-10,14:26:00,84692,6.617,False,Client Services
71,Johnny,Male,2009-11-06,16:23:00,118172,16.194,True,Sales
72,Bobby,Male,2007-05-07,10:01:00,54043,3.833,False,Product
73,Frances,Female,1999-04-04,16:19:00,90582,4.709,True,Sales
74,Thomas,Male,1995-06-04,14:24:00,62096,17.029,False,Marketing
75,Bonnie,Female,1991-07-02,01:27:00,104897,5.118,True,Human Resources
76,Margaret,Female,1988-09-10,12:42:00,131604,7.353,True,Distribution
77,Charles,Male,2004-09-14,20:13:00,107391,1.26,True,Marketing
78,Robin,Female,1983-06-04,15:15:00,114797,5.965,True,Sales
79,Bonnie,Female,1988-11-13,15:30:00,115814,4.99,False,Product
80,Gerald,No Gender,1995-03-17,00:50:00,137126,15.602,True,Sales
81,Christopher,Male,2008-03-30,10:52:00,47369,14.822,False,Legal
82,Steven,Male,1980-03-30,21:20:00,35095,8.379,True,Client Services
83,Shawn,Male,2005-09-23,02:55:00,148115,6.539,True,Finance
84,Doris,Female,2004-08-20,05:51:00,83072,7.511,False,Finance
85,Jeremy,Male,2008-02-01,08:50:00,100238,3.887,True,Client Services
86,Annie,No Gender,2007-09-29,00:11:00,103495,17.29,True,Business Development
87,Annie,Female,1993-01-30,02:05:00,144887,8.276,True,Sales
88,Donna,Female,1991-11-27,13:59:00,64088,6.155,True,Legal
89,Janice,Female,2016-03-12,00:40:00,51082,11.955,False,Legal
90,Janice,No Gender,1997-08-21,05:12:00,91719,11.583,True,Legal
91,James,No Gender,2005-01-26,23:00:00,128771,8.309,False,
92,Linda,Female,2000-05-25,17:45:00,119009,12.506,True,Business Development
93,Virginia,No Gender,1994-05-07,17:58:00,111858,1.601,True,Legal
94,Harry,Male,1981-08-26,15:16:00,130620,7.03,False,Legal
95,Heather,Female,1998-07-11,14:17:00,43026,14.166,False,Client Services
96,Cynthia,Female,1994-03-21,08:34:00,142321,1.737,False,Finance
97,Laura,No Gender,2014-07-19,21:23:00,140371,10.62,True,Marketing
98,Tina,Female,2016-06-16,19:47:00,100705,16.961,True,Marketing
99,Harold,Male,1985-01-02,21:40:00,77544,12.447,False,Business Development
100,Melissa,Female,2005-06-21,06:33:00,48109,14.995,False,Finance
101,Aaron,Male,2012-02-17,10:20:00,61602,11.849,True,Marketing
102,Jack,Male,1997-01-12,05:51:00,103902,12.159,False,Client Services
103,Phyllis,Female,1996-10-11,21:30:00,136984,8.932,True,Finance
104,John,Male,1989-12-23,07:01:00,80740,19.305,False,Marketing
105,Kathy,Female,1996-03-09,04:33:00,91712,8.567,False,Finance
106,Paul,Male,1993-08-04,19:25:00,42146,3.046,False,Legal
107,Steven,Male,2013-04-23,22:12:00,68680,16.565,False,Legal
108,Russell,No Gender,1988-05-05,07:57:00,133980,12.396,True,Legal
109,Christopher,Male,2000-04-22,10:15:00,37919,11.449,False,
110,Shirley,Female,2001-06-20,22:39:00,147113,16.135,False,Legal
111,Bonnie,Female,1999-12-17,15:12:00,42153,8.454,True,Business Development
112,Willie,Male,2003-11-27,06:21:00,64363,4.023,False,Marketing
113,Tina,Female,2009-06-12,07:16:00,114767,3.711,True,Engineering
114,Ashley,Female,2002-08-04,11:00:00,58698,6.811,True,Business Development
115,Pamela,Female,1982-07-01,06:51:00,54585,4.166,False,Product
116,,Male,1991-06-22,20:58:00,76189,18.988,True,Legal
117,Steven,Male,1995-03-01,15:03:00,109095,9.494,False,Finance
118,Andrea,Female,2012-01-12,05:43:00,120204,9.557,False,Business Development
119,Paul,Male,2008-06-03,15:05:00,41054,12.299,False,Marketing
120,Peter,Male,1994-11-17,18:15:00,84885,15.402,False,Business Development
121,Kathleen,No Gender,2016-05-09,08:55:00,119735,18.74,False,Product
122,Christina,Female,2012-04-13,14:04:00,110169,13.892,True,Engineering
123,Helen,Female,2001-11-29,02:30:00,73789,14.841,True,Product
124,Marilyn,Female,1983-11-16,08:29:00,76078,2.401,True,Product
125,Patricia,Female,2003-09-01,06:46:00,49368,14.226,False,Human Resources
126,Michelle,Female,1984-03-30,18:43:00,57325,17.179,True,Human Resources
127,William,Male,2002-09-29,16:09:00,66521,5.83,False,Human Resources
128,Kenneth,Male,1987-08-25,21:16:00,127654,16.439,True,Client Services
129,Antonio,Male,1988-10-25,13:50:00,60866,13.101,True,Business Development
130,Shirley,Female,1984-05-01,13:15:00,41334,6.219,True,Human Resources
131,Rebecca,Female,1992-07-10,00:23:00,94231,17.517,False,Product
132,Carlos,Male,1995-01-04,07:02:00,146670,10.763,False,Human Resources
133,Lois,Female,1987-12-25,16:16:00,106317,2.235,True,Client Services
134,Carolyn,Female,2011-04-09,05:38:00,109260,2.65,True,Business Development
135,Gloria,Female,2007-06-29,05:34:00,134148,8.833,True,Legal
136,Henry,Male,1995-04-24,04:18:00,43542,19.687,False,Legal
137,Adam,Male,2011-05-21,01:45:00,95327,15.12,False,Distribution
138,Ashley,Female,2006-05-25,11:30:00,112238,6.03,True,Engineering
139,,Female,1990-10-03,01:08:00,132373,10.527,True,
140,Shirley,Female,1981-02-28,13:23:00,113850,1.854,False,Marketing
141,Adam,Male,1990-12-24,20:57:00,110194,14.727,True,Product
142,Elizabeth,Female,2003-10-09,17:53:00,146129,5.687,False,Finance
143,Teresa,No Gender,2016-01-28,10:55:00,140013,8.689,True,Engineering
144,Nicole,No Gender,1982-03-05,14:28:00,122717,12.452,False,Sales
145,Jennifer,Female,2009-04-04,22:47:00,71715,13.079,True,Client Services
146,Patricia,Female,1992-11-25,02:24:00,95322,4.15,False,Product
147,Philip,Male,2008-07-17,13:30:00,89227,3.996,False,Legal
148,Patrick,No Gender,1991-07-14,02:24:00,124488,14.837,True,Sales
149,,Female,2014-08-17,14:00:00,86230,8.578,True,Distribution
150,Sean,Male,1996-05-04,20:59:00,135490,19.934,False,Marketing
151,Brandon,No Gender,1997-11-03,20:17:00,121333,15.295,False,Business Development
152,Ruth,Female,1999-08-19,04:03:00,129297,8.067,True,Client Services
153,Victor,No Gender,2011-03-10,20:40:00,84546,10.489,True,Finance
154,Rebecca,Female,1980-11-15,04:13:00,85730,5.359,True,Product
155,Marie,Female,2003-03-16,00:12:00,104058,17.695,True,Business Development
156,Howard,Male,1992-04-27,01:10:00,105062,1.563,False,Human Resources
157,,Female,2005-07-27,08:32:00,79536,14.443,True,Product
158,Norma,Female,1999-02-28,20:45:00,114412,8.756,True,Marketing
159,James,No Gender,1983-11-22,22:52:00,68501,14.316,False,Marketing
160,Kathy,Female,2000-03-18,19:26:00,149563,16.991,True,Finance
161,Marilyn,No Gender,1999-08-22,09:09:00,103386,11.451,False,Distribution
162,Arthur,Male,1998-04-13,11:28:00,89786,14.422,True,Legal
163,Terry,Male,1990-09-03,21:15:00,52226,19.135,False,Client Services
164,Mary,Female,1999-08-13,01:03:00,134645,18.197,False,Business Development
165,,Female,2014-03-23,13:28:00,59148,9.061,True,Legal
166,,Female,1991-07-09,18:52:00,42341,7.014,True,Sales
167,Christopher,Male,2011-12-24,12:22:00,142178,17.984,True,Sales
168,Peter,No Gender,1987-09-03,17:59:00,38989,7.017,True,Marketing
169,Michelle,Female,1996-11-04,21:34:00,53754,5.455,True,Product
170,Irene,Female,1992-01-29,11:36:00,133772,19.02,True,Sales
171,Patrick,Male,2007-08-17,03:16:00,143499,17.495,True,Engineering
172,Sara,Female,1991-09-23,18:17:00,97058,9.402,False,Finance
173,Lillian,Female,2008-12-21,18:51:00,85446,3.959,True,Engineering
174,,No Gender,2007-09-18,18:59:00,40297,6.185,True,Client Services
175,Willie,Male,1998-02-17,20:20:00,146651,1.451,True,Engineering
176,Victor,Male,2003-01-08,13:02:00,124486,10.166,False,Product
177,Wayne,Male,2012-04-07,08:00:00,102652,14.085,True,Distribution
178,Jane,Female,1997-09-03,02:01:00,144474,17.648,False,Product
179,Jessica,Female,1995-10-23,05:53:00,68759,19.343,True,Finance
180,Mark,Male,2008-04-12,17:40:00,57286,5.025,True,Business Development
181,Randy,Male,1999-11-14,12:12:00,58129,1.952,True,Distribution
182,Lillian,Female,1999-06-19,16:44:00,123940,12.184,True,Business Development
183,Ruth,No Gender,1999-05-18,05:56:00,98233,2.518,True,Distribution
184,Jerry,Male,2003-12-18,06:46:00,140810,9.177,True,Client Services
185,Sandra,Female,1983-01-19,07:25:00,42090,8.842,True,Legal
186,,Female,2005-02-23,21:50:00,149654,1.825,True,Sales
187,Roger,Male,2004-11-19,15:55:00,51430,6.46,False,Marketing
188,Charles,Male,2000-10-14,21:40:00,71749,15.931,False,Legal
189,Clarence,Male,1998-05-02,03:16:00,85700,1.215,False,Sales
190,Carol,Female,1996-03-19,03:39:00,57783,9.129,False,Finance
191,Lois,Female,2013-10-18,16:51:00,36946,6.652,False,Engineering
192,Barbara,No Gender,2003-05-03,19:32:00,99326,16.475,True,Legal
193,Rebecca,Female,1995-02-18,06:50:00,109259,4.443,True,Legal
194,Irene,Female,2004-01-30,20:25:00,131038,8.996,False,Distribution
195,Ronald,Male,2014-04-30,14:19:00,121068,12.757,True,Product
196,Steven,Male,1985-11-10,10:53:00,62719,19.127,False,Client Services
197,Carolyn,Female,2012-11-06,03:51:00,69268,3.031,False,Client Services
198,Maria,Female,1990-12-27,21:57:00,36067,9.64,True,Product
199,Jonathan,Male,2009-07-17,08:15:00,130581,16.736,True,
200,Gary,Male,1987-08-12,00:04:00,89661,8.525,False,Finance
201,Kimberly,Female,1997-07-15,05:57:00,36643,7.953,False,Marketing
202,Roger,Male,1982-11-08,02:32:00,140558,5.084,True,Sales
203,Diana,Female,2013-01-04,07:53:00,103521,2.784,True,Business Development
204,Willie,Male,2006-06-06,09:45:00,55281,4.935,True,Marketing
205,Brandon,Male,2006-03-27,17:54:00,115711,8.012,True,Finance
206,Patricia,Female,2012-12-06,04:01:00,114079,8.399,True,Client Services
207,Katherine,Female,1999-11-14,08:15:00,57531,1.767,False,Client Services
208,Jonathan,Male,1987-10-12,02:59:00,141069,4.903,False,Human Resources
209,Emily,Female,2007-09-20,11:25:00,89434,11.295,False,Engineering
210,Ruth,Female,1986-08-12,19:29:00,44639,9.148,True,Legal
211,Linda,Female,2006-06-24,12:04:00,110967,19.612,True,Human Resources
212,Lisa,Female,2009-11-02,09:42:00,115387,1.821,False,Client Services
213,Evelyn,Female,1980-05-24,23:10:00,81673,15.364,True,Engineering
214,Julie,Female,1989-07-23,13:52:00,109588,3.55,False,Engineering
215,Mary,Female,2009-05-30,23:41:00,92544,3.8,False,Client Services
216,Matthew,Male,2013-07-31,08:04:00,142373,2.462,False,Marketing
217,Douglas,Male,1999-09-03,16:00:00,83341,1.015,True,Client Services
218,Gregory,No Gender,1992-06-15,05:08:00,98865,10.628,True,Finance
219,Billy,Male,1995-03-13,12:05:00,120444,7.768,True,Finance
220,,Female,1991-06-17,12:49:00,71945,5.56,True,Marketing
221,Gregory,Male,2000-01-29,06:01:00,109564,3.845,False,Legal
222,Jason,Male,1999-10-17,22:09:00,78417,3.067,False,Finance
223,Daniel,Male,2010-04-30,03:48:00,106947,15.866,True,Legal
224,Sarah,Female,1995-09-14,07:50:00,87298,2.311,False,Distribution
225,Harry,Male,2015-10-01,19:47:00,64579,15.266,True,Sales
226,Kathy,Female,1995-04-19,00:46:00,50905,9.404,True,Finance
227,Todd,Male,1999-04-13,10:31:00,59728,11.226,True,Client Services
228,Bobby,Male,1994-09-23,01:29:00,51685,17.445,True,Engineering
229,Jeremy,Male,2000-06-08,00:15:00,49542,1.679,True,Distribution
230,George,No Gender,1988-02-24,11:29:00,38375,8.999,False,Legal
231,Diane,Female,1993-04-18,03:22:00,64084,17.018,False,Product
232,Marilyn,Female,1997-04-04,21:28:00,147663,10.263,False,Human Resources
233,Kathryn,Female,2004-02-04,13:47:00,73935,14.752,False,Sales
234,Irene,Female,1982-02-04,17:26:00,40837,12.182,True,Client Services
235,Norma,Female,2015-02-11,23:44:00,94393,3.643,True,Engineering
236,Laura,Female,2006-04-02,13:57:00,42087,2.624,False,Product
237,Cheryl,Female,2008-09-23,02:57:00,52080,9.375,False,Legal
238,Kevin,Male,1982-03-25,07:31:00,35061,5.128,False,Legal
239,Lillian,No Gender,2016-05-12,15:43:00,64164,17.612,False,Human Resources
240,Phyllis,No Gender,1984-04-21,19:05:00,94088,19.107,False,Distribution
241,Walter,Male,1983-07-06,23:54:00,127813,5.961,False,Finance
242,Robert,Male,1990-10-27,19:15:00,38041,18.428,True,Engineering
243,Jimmy,Male,1986-10-07,17:53:00,126310,5.413,True,Product
244,Clarence,Male,1996-10-08,12:53:00,142561,8.866,False,Client Services
245,Victor,Male,1991-04-11,07:44:00,70817,17.138,False,Engineering
246,Fred,No Gender,1984-12-02,14:03:00,59937,12.045,True,Human Resources
247,Brenda,No Gender,2010-07-27,23:07:00,106115,3.742,True,Product
248,Justin,Male,1992-12-06,17:58:00,82782,4.366,True,Distribution
249,Betty,Female,2002-06-12,03:59:00,104896,19.55,True,Business Development
250,Randy,No Gender,1986-02-06,15:04:00,133943,8.94,True,Sales
251,Sharon,No Gender,1990-03-01,03:46:00,83658,6.513,False,Business Development
252,Ralph,Male,2004-11-11,01:35:00,71896,4.232,True,Marketing
253,,No Gender,2003-04-28,03:01:00,113732,10.391,True,Sales
254,Edward,Male,1985-05-27,22:13:00,110485,7.995,False,Client Services
255,Denise,Female,2009-03-20,07:57:00,115118,5.108,False,Human Resources
256,Debra,Female,1998-03-13,23:16:00,48696,4.75,False,Legal
257,,Male,1999-11-25,06:16:00,42676,15.517,True,Sales
258,Michael,Male,2002-01-24,03:04:00,43586,12.659,False,
259,Henry,Male,1995-02-06,08:34:00,89258,15.585,True,Human Resources
260,Gloria,Female,2007-03-27,01:44:00,90730,2.491,False,Distribution
261,Marie,Female,1995-08-06,13:58:00,100308,13.677,False,Product
262,Anne,Female,1986-07-16,14:08:00,69134,3.723,True,Engineering
263,Sarah,No Gender,1985-11-21,13:08:00,58295,14.603,True,Engineering
264,Stephanie,Female,1983-03-24,11:15:00,50141,13.218,True,Human Resources
265,Roy,Male,2004-09-23,13:31:00,101941,3.45,False,Client Services
266,,Female,2009-08-05,08:14:00,115145,14.063,True,Distribution
267,,Male,2005-02-04,13:01:00,40451,16.044,True,Distribution
268,Irene,Female,1982-03-03,08:26:00,56526,5.81,True,Finance
269,,Female,1992-08-02,20:35:00,145316,18.517,True,Human Resources
270,Thomas,Male,2011-04-06,13:04:00,103235,9.554,True,Human Resources
271,Frank,No Gender,2001-11-20,10:18:00,58563,12.062,True,Marketing
272,Fred,Male,1980-02-20,02:25:00,74129,18.225,False,Product
273,Nicholas,Male,1994-04-12,20:21:00,74669,1.113,True,Product
274,Howard,Male,1982-10-05,07:22:00,97490,5.46,True,Marketing
275,Debra,Female,1994-02-22,22:25:00,104250,18.456,True,Business Development
276,Christine,Female,1989-07-03,04:01:00,94345,11.996,False,Finance
277,Brenda,No Gender,1991-05-29,06:32:00,82439,19.062,False,Sales
278,Betty,Female,2005-06-28,18:03:00,51613,12.984,False,Distribution
279,Ruby,Female,2000-11-08,19:35:00,105946,1.139,False,Business Development
280,Kevin,Male,1997-07-12,02:07:00,46080,9.635,False,Business Development
281,Arthur,Male,2014-01-01,19:46:00,134610,6.147,True,Human Resources
282,Carl,No Gender,2014-02-07,03:57:00,125104,12.345,False,Client Services
283,Todd,Male,2009-03-11,03:43:00,107281,1.612,True,Engineering
284,Brenda,Female,2005-10-06,21:33:00,141521,4.337,False,Client Services
285,Judy,Female,1997-09-16,00:10:00,65931,2.304,False,Human Resources
286,Todd,Male,1984-02-02,10:13:00,69989,10.985,True,Finance
287,Lois,Female,2011-11-09,07:06:00,147183,9.999,True,Client Services
288,Walter,No Gender,1999-12-21,22:33:00,66757,18.099,False,Distribution
289,Jessica,Female,1985-09-27,13:35:00,75145,6.388,True,Legal
290,Jeremy,Male,1988-06-14,18:20:00,129460,13.657,True,
291,Tammy,Female,1984-11-11,10:30:00,132839,17.463,True,Client Services
292,Anne,Female,2000-03-07,06:45:00,44537,18.284,True,Client Services
293,Jesse,Male,1999-10-25,15:35:00,118733,9.653,False,Marketing
294,Virginia,Female,1999-10-20,06:23:00,46905,19.154,False,Distribution
295,Jesse,Male,1981-03-02,19:26:00,79582,3.873,False,Legal
296,Jeremy,No Gender,1996-11-10,13:49:00,55394,3.18,True,Sales
297,Daniel,Male,2007-09-15,22:16:00,123811,7.664,True,Human Resources
298,Patrick,No Gender,2004-08-30,11:43:00,137314,4.542,True,Marketing
299,Emily,Female,1988-01-13,06:42:00,36711,19.028,True,Human Resources
300,Alan,Male,1988-06-26,03:54:00,111786,3.592,True,Engineering
301,James,Male,2015-07-11,20:52:00,72257,13.023,False,Engineering
302,Adam,Male,2007-07-05,11:59:00,71276,5.027,True,Human Resources
303,Joan,No Gender,1980-07-25,12:22:00,38712,3.657,False,Client Services
304,Jeremy,Male,1981-08-12,00:05:00,46930,18.702,True,Finance
305,Margaret,Female,1993-02-06,13:05:00,125220,3.733,False,Marketing
306,Mark,Male,1984-04-01,13:21:00,121477,17.44,True,Business Development
307,Marilyn,Female,1981-09-26,02:23:00,86386,2.937,False,Distribution
308,Cheryl,Female,2009-09-08,10:16:00,81308,2.196,True,Legal
309,Benjamin,Male,1984-09-11,06:37:00,84810,15.794,False,Marketing
310,Harold,Male,1990-02-20,23:00:00,66775,2.158,True,Legal
311,Ernest,No Gender,2002-01-18,01:51:00,72145,13.448,True,Finance
312,Gerald,Male,2001-04-16,22:09:00,121604,1.923,True,Sales
313,Judy,Female,1991-07-01,02:33:00,109510,13.457,True,Legal
314,Bobby,Male,1996-03-31,17:40:00,112117,6.338,False,
315,Bobby,No Gender,1995-09-01,14:09:00,108127,15.858,False,Client Services
316,Marie,Female,2013-10-03,20:05:00,123711,10.966,False,Product
317,Kathy,Female,2013-12-18,15:09:00,132381,8.34,False,Business Development
318,Roy,Male,2006-08-06,07:52:00,148225,1.841,False,Finance
319,Jacqueline,Female,1981-11-25,15:01:00,145988,18.243,False,Marketing
320,,Female,2008-07-08,23:40:00,62960,14.356,True,Sales
321,Julie,Female,1986-03-23,09:26:00,56926,7.507,False,Sales
322,Douglas,Male,2002-01-08,18:42:00,41428,14.372,False,Product
323,Linda,Female,1990-12-16,02:20:00,115658,3.041,True,Sales
324,Ruby,Female,1988-12-10,20:27:00,76707,6.031,False,Business Development
325,Russell,Male,2005-01-02,01:48:00,60388,17.885,False,Client Services
326,Jeffrey,Male,1997-06-18,20:01:00,45150,12.075,True,Product
327,Aaron,Male,1994-01-29,18:48:00,58755,5.097,True,Marketing
328,Samuel,Male,1991-12-19,02:54:00,76076,5.319,True,Finance
329,,Male,2010-01-27,02:57:00,87760,14.987,True,Engineering
330,Randy,Male,2014-03-16,18:24:00,135119,7.887,False,Client Services
331,Evelyn,Female,1983-09-03,13:58:00,36759,17.269,True,Marketing
332,Fred,Male,1987-02-13,14:15:00,121723,18.645,True,Product
333,Shirley,Female,1986-06-08,02:25:00,110061,7.494,False,Client Services
334,Todd,Male,2011-05-23,16:14:00,85074,1.844,False,Client Services
335,Robert,Male,2014-11-18,05:00:00,85799,19.93,False,Finance
336,Mark,Male,2007-01-22,14:37:00,75150,12.182,True,Legal
337,Earl,Male,2000-01-05,17:46:00,91344,4.035,True,Sales
338,Richard,Male,2005-09-27,01:41:00,86326,10.717,False,Product
339,Michael,Male,1991-11-22,12:57:00,98753,16.443,True,Human Resources
340,Steven,Male,2009-05-12,14:14:00,113060,2.846,True,Sales
341,Carlos,Male,2007-09-19,01:01:00,77327,11.58,True,Finance
342,Marie,Female,2011-10-20,22:09:00,62666,10.247,False,Product
343,Ronald,Male,2009-02-24,14:09:00,96633,4.99,True,Engineering
344,Scott,Male,2009-05-12,04:36:00,58248,3.914,False,Business Development
345,Steven,Male,2006-11-21,08:30:00,83706,6.96,True,Human Resources
346,James,Male,1998-11-22,03:48:00,74086,5.778,True,Human Resources
347,Lori,Female,1988-03-31,22:59:00,95389,14.223,False,Sales
348,Philip,Male,1989-08-02,11:21:00,129968,19.897,False,Finance
349,Phyllis,Female,2005-11-24,23:57:00,140347,8.723,False,Sales
350,Thomas,No Gender,1995-08-31,20:31:00,41549,3.95,False,Sales
351,Cynthia,Female,2012-12-03,23:03:00,74287,10.751,False,Sales
352,,Male,2011-10-09,09:29:00,69906,4.844,True,Engineering
353,,Male,1997-04-22,21:36:00,65078,3.095,True,Marketing
354,Elizabeth,Female,2005-11-10,04:56:00,106406,1.782,True,Legal
355,Andrea,Female,2003-09-14,22:30:00,115913,12.121,False,Legal
356,Judy,Female,1990-02-01,15:32:00,38092,5.668,False,Distribution
357,Russell,Male,2014-08-13,15:51:00,121160,7.843,False,Engineering
358,Scott,Male,2011-12-17,03:45:00,90429,4.45,False,Product
359,Sarah,Female,1994-05-22,07:06:00,64207,7.824,True,Client Services
360,Susan,Female,2004-09-25,01:30:00,80688,18.892,True,Sales
361,Margaret,Female,2014-05-05,06:01:00,55044,4.078,False,Sales
362,Joshua,Male,2009-11-09,06:32:00,72893,9.555,False,Distribution
363,Justin,No Gender,2005-04-15,20:43:00,96978,13.865,False,Finance
364,Juan,Male,2002-04-16,23:09:00,97364,3.595,False,Product
365,Gloria,No Gender,1983-07-19,01:57:00,140885,1.113,False,Human Resources
366,Jennifer,No Gender,1989-01-24,20:38:00,58520,16.231,True,Client Services
367,Edward,Male,1989-08-04,06:06:00,66067,10.957,True,
368,Marilyn,Female,1982-12-17,12:10:00,147183,8.748,False,Business Development
369,Mary,Female,2009-10-18,18:32:00,87721,12.484,False,Product
370,Linda,Female,2009-07-15,22:12:00,144001,2.194,False,Business Development
371,Larry,Male,2003-08-27,13:00:00,91133,5.14,False,Sales
372,Albert,Male,1997-02-01,16:20:00,67827,19.717,True,Engineering
373,Kenneth,Male,1999-04-13,22:28:00,81839,12.072,False,Sales
374,,Female,2006-12-31,23:02:00,81444,3.171,True,Distribution
375,Gregory,No Gender,2011-07-09,23:31:00,137661,4.805,True,Sales
376,Brandon,Male,2015-10-16,02:44:00,112548,4.664,False,Engineering
377,Stephen,Male,1987-04-09,12:47:00,111249,10.574,True,Human Resources
378,Russell,Male,1994-10-30,05:46:00,114334,9.669,False,Product
379,,Female,2002-09-18,12:39:00,118906,4.537,True,Marketing
380,Pamela,No Gender,2001-07-15,13:33:00,72979,5.66,False,Sales
381,Scott,Male,1996-08-03,01:50:00,64172,10.894,True,Engineering
382,,Female,1996-04-18,15:57:00,107024,12.182,True,
383,Carlos,Male,2010-07-28,15:08:00,50167,2.362,False,Product
384,Jack,Male,1980-12-24,22:58:00,106995,15.723,False,Product
385,Debra,Female,2010-01-19,08:48:00,70492,8.895,False,Client Services
386,Phyllis,Female,1995-01-15,05:27:00,125881,16.697,False,Sales
387,Robert,Male,1994-10-29,04:26:00,123294,19.894,False,Client Services
388,Gloria,Female,1989-09-19,19:40:00,131045,11.312,True,Product
389,Sharon,No Gender,1984-10-28,17:59:00,97635,10.413,True,Client Services
390,Barbara,No Gender,2001-04-26,00:22:00,94493,13.443,True,Sales
391,Marilyn,Female,1989-08-15,09:14:00,140502,9.989,True,Sales
392,Ralph,Male,2010-10-27,10:28:00,106310,4.03,True,Client Services
393,Harry,No Gender,1996-12-05,05:45:00,46240,6.976,True,Engineering
394,Robin,Female,1998-01-08,02:12:00,111163,5.025,True,Product
395,Kathy,Female,2001-11-25,21:55:00,93753,7.094,True,Sales
396,Rose,Female,2002-07-06,15:57:00,63494,19.385,True,Human Resources
397,Clarence,Male,2005-01-13,09:00:00,116693,13.835,True,Distribution
398,Doris,Female,1992-07-29,18:40:00,85215,7.425,True,Human Resources
399,Kathryn,Female,1988-06-09,09:29:00,86439,7.799,False,Finance
400,Billy,No Gender,2004-03-16,08:21:00,62913,18.241,True,Marketing
401,Norma,Female,1996-04-16,05:40:00,38872,9.302,True,Business Development
402,Richard,No Gender,1992-11-28,17:05:00,124655,14.272,True,Engineering
403,Craig,Male,1984-02-08,04:45:00,113506,19.642,False,Marketing
404,Sarah,No Gender,1990-07-20,22:49:00,109980,8.86,False,Sales
405,Sharon,Female,2014-03-09,16:39:00,91522,7.564,False,Finance
406,Mary,Female,2010-08-22,08:03:00,42214,17.538,True,Business Development
407,Steve,No Gender,2002-02-23,03:55:00,83159,9.55,True,Distribution
408,Joe,Male,2010-12-05,16:20:00,144082,1.62,True,Client Services
409,Jeremy,Male,1994-05-29,06:24:00,47885,19.276,True,Human Resources
410,Ernest,Male,2012-08-14,11:25:00,126232,6.191,True,Sales
411,Kevin,Male,1981-06-23,20:26:00,134598,11.699,False,Business Development
412,Jacqueline,Female,2007-02-11,02:01:00,66604,14.609,False,Legal
413,Johnny,Male,1992-09-14,08:21:00,115194,5.861,True,Marketing
414,Gary,Male,2011-08-18,08:12:00,49101,11.9,True,Business Development
415,Shirley,No Gender,1990-11-16,18:01:00,67811,12.699,False,Finance
416,,Male,2008-06-29,05:23:00,111043,5.966,True,Distribution
417,Sarah,No Gender,1981-08-31,14:51:00,37748,9.047,False,Human Resources
418,Julia,Female,1982-03-02,12:52:00,36403,2.664,True,Finance
419,Dorothy,Female,2013-11-05,22:50:00,140136,3.12,True,Business Development
420,Justin,Male,1986-05-22,06:30:00,121508,19.334,True,Finance
421,Kevin,Male,1986-11-20,18:59:00,79906,18.021,True,Sales
422,Victor,Male,2005-09-24,12:04:00,123144,16.261,True,Product
423,Deborah,Female,1980-11-25,04:33:00,46953,17.436,False,Client Services
424,Matthew,No Gender,2003-06-09,07:35:00,79443,14.637,False,Human Resources
425,Alice,Female,1986-05-02,01:50:00,51395,2.378,True,Finance
426,Todd,Male,2016-03-16,14:45:00,134408,3.56,True,Human Resources
427,Frank,Male,1981-01-10,13:30:00,71853,8.037,True,Sales
428,Christopher,Male,1999-05-13,10:48:00,68028,7.869,True,Finance
429,Rose,Female,2015-05-28,08:40:00,149903,5.63,False,Human Resources
430,Andrea,Female,2010-10-01,11:54:00,79123,19.422,False,Distribution
431,Charles,Male,1999-12-16,20:28:00,104014,7.077,False,Legal
432,Jessica,No Gender,2015-03-07,20:45:00,121160,12.993,False,Client Services
433,Wanda,Female,2008-07-20,13:44:00,65362,7.132,True,Legal
434,Joyce,Female,1995-02-07,07:38:00,50701,14.227,True,
435,Billy,Male,2006-12-01,15:32:00,144709,10.069,True,Distribution
436,Kathryn,Female,2007-08-29,06:10:00,53061,11.864,True,Finance
437,Denise,Female,2001-03-18,00:02:00,36697,11.196,True,Sales
438,Jason,Male,1998-11-20,14:54:00,69244,6.22,True,
439,Nicholas,Male,2013-03-01,21:26:00,101036,2.826,True,Human Resources
440,Aaron,Male,1990-07-22,14:53:00,52119,11.343,True,Client Services
441,Louise,Female,2003-05-13,09:47:00,46666,1.886,True,Business Development
442,Julie,Female,1998-04-23,05:52:00,73437,2.518,True,Finance
443,Kathy,Female,1987-05-08,18:19:00,86318,18.492,True,Sales
444,,Male,2016-05-24,21:17:00,76409,7.008,True,Distribution
445,Chris,Male,2006-12-12,01:57:00,71642,1.496,False,
446,Cheryl,Female,1994-08-16,08:33:00,67150,15.85,True,Marketing
447,Gregory,Male,2009-05-15,15:52:00,142208,11.204,True,Engineering
448,Wayne,Male,1992-01-30,15:01:00,81183,17.066,False,Client Services
449,Beverly,Female,2005-11-30,02:57:00,107163,3.665,True,Human Resources
450,Willie,Male,2009-08-22,13:03:00,55038,19.691,False,Legal
451,Terry,No Gender,2016-07-15,00:29:00,140002,19.49,True,Marketing
452,Scott,Male,2012-11-17,14:47:00,146812,1.965,True,Marketing
453,Annie,Female,1994-12-19,06:19:00,40119,4.338,True,Human Resources
454,,Male,1995-02-21,00:26:00,136602,10.429,True,Marketing
455,Ruth,Female,2000-10-24,04:13:00,69579,18.029,True,Human Resources
456,Deborah,No Gender,1983-02-03,23:38:00,101457,6.662,False,Engineering
457,Patricia,Female,2015-01-09,04:16:00,121232,16.624,False,Legal
458,Albert,Male,2007-09-30,17:34:00,102626,15.843,False,Finance
459,Charles,No Gender,1987-03-01,13:00:00,137171,5.574,True,Marketing
460,Tina,Female,2005-01-17,09:11:00,88276,14.248,False,Legal
461,Jeremy,Male,2001-08-09,03:56:00,43354,13.946,False,Marketing
462,Craig,Male,1996-04-14,09:17:00,125556,7.996,False,Engineering
463,Jose,Male,2002-07-11,09:15:00,59862,3.269,False,Product
464,Lawrence,Male,2005-05-13,01:25:00,74640,18.641,False,Marketing
465,Helen,Female,1997-10-31,02:43:00,52875,4.188,False,Legal
466,Walter,Male,2007-08-04,13:59:00,58789,5.461,False,Sales
467,Amy,Female,2002-06-19,03:06:00,122897,8.222,True,Engineering
468,Janice,Female,1997-06-28,13:48:00,136032,10.696,True,Marketing
469,Stephen,Male,2015-05-09,19:07:00,141958,9.078,True,Legal
470,Ryan,Male,1993-07-20,22:18:00,139917,11.466,False,Distribution
471,Sharon,Female,2002-03-12,06:32:00,147635,14.693,False,Human Resources
472,Joshua,Male,1984-07-10,19:22:00,68230,8.047,False,Client Services
473,Clarence,Male,1992-08-20,20:23:00,124365,8.457,False,Business Development
474,Jonathan,Male,2002-08-15,00:01:00,104749,11.364,False,Engineering
475,Stephanie,Female,1992-11-26,00:54:00,122121,7.937,True,Engineering
476,Kathy,Female,1996-10-25,12:59:00,143541,8.461,False,Human Resources
477,Albert,Male,2008-08-14,17:43:00,137840,9.705,False,Business Development
478,Michael,Male,2011-05-22,10:42:00,73354,18.357,False,Business Development
479,Richard,Male,1997-07-04,11:47:00,47647,18.787,True,
480,Amy,Female,2008-03-30,22:54:00,106249,15.967,False,Sales
481,,Female,2013-04-27,06:40:00,93847,1.085,True,Business Development
482,Beverly,No Gender,1995-05-03,05:49:00,104815,3.38,False,Product
483,,Female,1992-04-26,20:01:00,115436,3.099,True,Human Resources
484,Joe,Male,2000-04-14,15:14:00,50645,11.119,False,Marketing
485,Ashley,Female,1997-08-15,21:48:00,142415,1.985,True,Finance
486,Howard,Male,2012-04-09,06:36:00,37984,2.021,False,Distribution
487,Cheryl,Female,2014-12-03,09:27:00,71751,15.918,False,Business Development
488,Robert,Male,2007-03-11,11:20:00,135882,19.944,False,Legal
489,Sharon,Female,2011-07-01,09:50:00,46007,19.731,True,Client Services
490,Judith,Female,2007-11-23,13:22:00,117055,7.461,False,Marketing
491,Nicholas,No Gender,1989-09-09,19:12:00,58478,6.525,True,Distribution
492,Jerry,Male,1995-01-30,19:51:00,121357,18.845,False,Business Development
493,Craig,Male,2005-11-01,23:31:00,44857,13.266,False,Finance
494,Barbara,Female,2002-03-21,08:02:00,47322,7.25,True,Sales
495,Eugene,Male,1984-05-24,10:54:00,81077,2.117,False,Sales
496,Johnny,Male,2016-02-26,19:39:00,76394,5.437,True,Marketing
497,Benjamin,Male,2013-05-05,15:28:00,114356,7.123,False,Client Services
498,Diana,Female,1994-06-13,16:21:00,41831,4.548,False,Business Development
499,Barbara,No Gender,1980-12-10,23:04:00,90187,14.764,True,Distribution
500,Christine,Female,2003-02-01,13:11:00,72613,11.126,False,Legal
501,Sean,Male,2013-02-11,19:07:00,42748,9.765,False,Distribution
502,Sarah,Female,1980-11-03,14:47:00,37259,1.763,False,Client Services
503,Roger,Male,2015-08-03,16:56:00,125033,4.887,True,Marketing
504,,Female,2014-06-24,10:05:00,38275,10.494,True,Distribution
505,,Male,1980-04-20,13:17:00,71520,13.248,True,Engineering
506,Donald,Male,1995-07-14,07:51:00,106472,6.499,True,Client Services
507,Clarence,Male,2015-11-03,00:11:00,103684,18.654,True,Engineering
508,Scott,Male,1996-11-23,19:36:00,96111,15.592,False,Human Resources
509,Ann,Female,1984-11-04,12:17:00,90719,6.22,False,Business Development
510,Frank,Male,2003-04-27,12:04:00,140303,17.07,False,Legal
511,Joe,Male,1983-07-04,07:32:00,62161,8.13,True,Business Development
512,Wanda,Female,1993-04-06,03:11:00,78883,19.695,False,
513,Jimmy,Male,2013-11-19,19:29:00,63549,19.624,False,
514,Amy,No Gender,1984-12-25,10:52:00,63888,18.115,True,Product
515,Larry,Male,1999-01-08,02:05:00,97370,10.458,False,Sales
516,Gloria,Female,1992-04-12,20:26:00,66224,15.979,True,Legal
517,Ruth,Female,1996-12-12,10:07:00,97915,3.997,True,Human Resources
518,Diana,Female,1995-01-19,00:37:00,86883,18.003,True,Product
519,Raymond,Male,2009-02-16,22:38:00,37812,3.178,False,Human Resources
520,Peter,Male,2003-02-22,09:09:00,56580,8.411,True,
521,,No Gender,1981-09-25,09:59:00,83895,17.971,True,Engineering
522,Catherine,Female,2013-08-31,19:24:00,58047,14.858,True,Distribution
523,Diane,Female,1982-07-05,16:56:00,124889,15.026,True,Sales
524,Peter,No Gender,2014-10-13,21:33:00,118840,14.509,True,Client Services
525,Steve,Male,1995-08-22,06:58:00,67780,9.54,True,Human Resources
526,Barbara,Female,2004-03-22,08:11:00,144677,8.696,False,Finance
527,Helen,No Gender,1993-12-02,13:42:00,45724,1.022,False,Product
528,Jimmy,No Gender,1983-08-26,02:48:00,86676,7.175,True,Product
529,Christopher,Male,2014-04-23,07:52:00,82401,7.252,False,Client Services
530,Kathleen,Female,2014-06-13,09:16:00,35575,14.595,False,Distribution
531,Virginia,Female,2010-05-02,21:10:00,123649,10.154,True,Marketing
532,Lisa,Female,2005-02-26,18:33:00,38078,10.28,True,Product
533,Earl,Male,2014-02-11,21:03:00,52620,13.773,False,Product
534,Gerald,No Gender,1992-01-08,15:50:00,133366,12.292,False,Legal
535,Louise,Female,1981-09-18,05:47:00,91462,8.205,False,Marketing
536,Clarence,Male,1982-08-26,09:47:00,146589,4.905,True,Business Development
537,Cynthia,Female,1991-09-14,13:08:00,51633,13.472,True,Business Development
538,Adam,Male,2010-10-08,21:53:00,45181,3.491,False,Human Resources
539,Justin,Male,1999-09-06,10:30:00,62454,3.459,True,Sales
540,,Female,2009-12-02,03:30:00,84746,4.82,True,Finance
541,Ruby,Female,1999-05-01,03:36:00,147362,7.851,True,Engineering
542,Amanda,Female,2004-08-01,13:32:00,80803,14.077,True,Distribution
543,Anna,Female,2008-04-15,14:34:00,117293,2.366,False,Client Services
544,Roger,Male,2010-07-03,17:11:00,105689,13.32,True,Marketing
545,Julie,No Gender,1999-02-04,17:35:00,93302,9.048,True,Product
546,Joseph,Male,1992-09-10,18:50:00,102555,3.672,True,Product
547,Evelyn,Female,1998-09-22,19:55:00,51525,10.366,False,Finance
548,Janice,Female,1984-01-02,21:06:00,41190,3.311,True,Sales
549,Sara,Female,1980-02-25,22:50:00,75484,3.186,False,Finance
550,Gregory,Male,1984-06-18,03:46:00,82726,16.304,True,Marketing
551,Philip,Male,1985-07-18,06:36:00,122319,19.122,False,Engineering
552,Barbara,Female,1991-09-02,15:41:00,127297,11.905,True,Product
553,Amanda,Female,2002-06-07,07:46:00,109290,13.853,False,Engineering
554,Phyllis,No Gender,1985-10-25,07:11:00,99150,6.007,False,Client Services
555,Anne,Female,1996-10-26,20:09:00,71930,18.451,True,Product
556,Arthur,Male,2014-12-16,16:56:00,66819,6.639,True,Marketing
557,Jane,Female,1994-06-01,08:39:00,42424,18.115,False,Distribution
558,Linda,Female,1985-08-18,04:34:00,51431,13.295,False,Engineering
559,Ashley,Female,1999-11-17,21:18:00,120675,6.51,False,Human Resources
560,Shawn,Male,2009-12-03,10:24:00,96610,2.097,True,Client Services
561,Kathleen,Female,1996-09-20,15:45:00,71430,8.572,False,Engineering
562,Sara,No Gender,1983-10-07,13:35:00,87713,18.863,True,Legal
563,Randy,Male,2002-05-02,19:39:00,86723,14.842,False,Engineering
564,Andrew,Male,1985-03-29,18:57:00,43414,7.563,True,Client Services
565,Marilyn,Female,2006-08-09,11:24:00,87145,17.33,False,Human Resources
566,Johnny,Male,1995-01-08,13:35:00,91124,12.986,True,Distribution
567,,Female,1980-04-01,20:04:00,48141,12.605,True,
568,Susan,Female,1986-04-18,09:31:00,90829,19.142,False,Marketing
569,Ruby,Female,1980-07-07,03:42:00,101262,6.773,False,Client Services
570,Kelly,Female,1996-08-16,03:09:00,41427,1.431,False,Product
571,Jonathan,Male,1995-04-06,22:38:00,56993,18.623,False,Marketing
572,Raymond,Male,1996-01-13,16:14:00,114244,16.69,False,Human Resources
573,Kimberly,Female,1981-12-30,04:51:00,81800,5.435,True,
574,,Female,2009-01-13,13:01:00,118736,7.421,True,Client Services
575,John,Male,1995-01-22,00:17:00,66077,5.809,True,Product
576,Michael,Male,1993-07-30,17:35:00,35013,14.879,False,Product
577,Jerry,Male,2003-05-04,04:29:00,98393,11.393,False,Client Services
578,Amanda,Female,1982-03-17,23:46:00,107111,1.438,True,Product
579,Harold,Male,2010-10-18,20:45:00,65673,1.187,True,Legal
580,Harry,Male,1985-01-27,20:18:00,65482,18.089,False,
581,Ernest,Male,1990-01-28,00:08:00,81919,15.118,False,Marketing
582,Harry,Male,1982-11-19,11:25:00,59277,10.2,False,Finance
583,Diane,Female,1988-02-02,18:14:00,49501,13.506,False,Business Development
584,Jack,Male,2012-05-30,03:17:00,70367,18.266,True,Legal
585,Shirley,Female,1988-04-16,11:09:00,132156,2.754,False,Marketing
586,Rose,Female,2004-10-30,16:34:00,56961,7.585,False,Marketing
587,Cheryl,Female,1982-07-23,06:28:00,98841,8.945,True,Client Services
588,Cynthia,Female,1980-05-23,03:19:00,78226,2.419,False,Human Resources
589,Sandra,Female,1995-04-24,19:14:00,116931,9.657,True,Human Resources
590,Andrea,Female,1994-10-30,11:23:00,87575,13.346,True,Business Development
591,Rachel,Female,1988-04-22,12:01:00,110924,7.808,False,Distribution
592,Justin,Male,1981-05-24,23:15:00,78351,15.221,False,Sales
593,Marie,Female,2000-11-23,05:06:00,125574,4.644,False,Sales
594,Louis,Male,2011-04-15,05:02:00,95198,2.075,False,Business Development
595,Nancy,Female,1985-05-07,22:20:00,121006,3.512,True,Finance
596,Mark,Male,1984-10-03,05:31:00,95728,6.752,True,Business Development
597,Teresa,Female,1987-06-24,19:37:00,69740,8.294,False,Distribution
598,Frances,Female,2001-07-21,02:34:00,91996,11.506,False,Product
599,,Female,1990-10-11,22:57:00,98385,10.925,True,Human Resources
600,Barbara,No Gender,1994-12-20,10:09:00,90556,15.749,True,Distribution
601,Christine,No Gender,1980-06-15,18:00:00,50366,9.862,True,Marketing
602,Bobby,No Gender,2003-07-21,15:50:00,84232,15.704,True,Engineering
603,Carl,No Gender,1991-10-26,08:11:00,100888,12.49,True,Business Development
604,Bruce,Male,2013-03-15,23:13:00,141335,15.427,True,Engineering
605,Rose,Female,1982-05-20,09:14:00,97691,2.142,False,Client Services
606,Mildred,Female,1981-02-21,03:30:00,47266,10.256,False,Client Services
607,,Male,1983-10-13,23:59:00,139754,12.74,True,Sales
608,,Female,1993-10-24,17:17:00,116236,17.274,True,Engineering
609,Todd,Male,2010-02-16,11:29:00,103405,15.91,False,Sales
610,Alan,Male,2012-02-17,00:26:00,41453,10.084,False,Product
611,Elizabeth,No Gender,1981-02-16,03:58:00,52730,12.525,False,Marketing
612,Julie,No Gender,2000-10-21,01:15:00,60361,7.099,True,Distribution
613,Teresa,No Gender,1992-01-03,15:47:00,63103,11.378,False,Finance
614,Eric,Male,2004-11-12,21:16:00,65168,11.513,False,Distribution
615,Edward,Male,2001-08-30,01:24:00,73105,6.083,True,Engineering
616,Kimberly,Female,1986-12-06,14:23:00,37916,12.929,True,Distribution
617,Kathy,Female,2001-01-14,05:11:00,45682,1.451,True,Marketing
618,Peter,Male,1992-11-24,17:43:00,69297,1.268,False,Finance
619,Beverly,Female,1990-10-22,14:45:00,59070,19.064,True,Engineering
620,Ralph,Male,2012-03-07,02:25:00,81215,8.4,False,Finance
621,Justin,Male,1997-08-10,23:00:00,128036,18.824,False,Client Services
622,Irene,Female,2005-06-23,11:03:00,89780,8.999,True,Sales
623,Irene,Female,2006-11-29,14:14:00,125018,9.601,True,Legal
624,Jeremy,Male,1997-11-26,08:22:00,133033,12.2,False,Sales
625,Cynthia,Female,2015-06-29,06:38:00,82408,8.701,True,Marketing
626,,Female,1997-04-13,08:03:00,131755,2.93,True,
627,Anne,Female,1984-11-21,12:30:00,128305,16.636,False,Marketing
628,,No Gender,1988-09-02,12:49:00,147309,1.702,True,Distribution
629,Debra,Female,1983-03-12,12:19:00,74911,19.513,False,Marketing
630,Michael,Male,1988-07-13,13:48:00,47079,2.617,False,Legal
631,Jason,No Gender,2008-03-06,01:20:00,82873,1.869,False,Client Services
632,Rebecca,Female,1990-02-23,15:21:00,134673,6.878,False,Engineering
633,Andrea,Female,2011-11-17,14:37:00,123591,6.5,True,Engineering
634,Carl,Male,1987-03-30,17:59:00,75598,19.289,False,
635,Randy,Male,2000-09-27,03:04:00,89831,13.047,True,
636,Marilyn,Female,1984-07-02,16:06:00,92430,2.924,False,Engineering
637,Wayne,Male,2009-09-02,01:37:00,126956,18.396,False,Human Resources
638,Frances,Female,1996-11-12,18:08:00,112467,1.433,False,Business Development
639,Amanda,No Gender,1991-08-11,14:15:00,46665,19.391,True,Client Services
640,Kathleen,Female,2004-08-28,10:49:00,42553,3.756,True,Distribution
641,Amanda,Female,1995-01-25,05:06:00,102081,5.203,False,Sales
642,Amanda,No Gender,2010-03-16,09:17:00,135118,15.108,False,Finance
643,Shawn,Male,1987-09-29,22:11:00,71975,9.77,False,Human Resources
644,Katherine,Female,1996-08-13,00:21:00,149908,18.912,False,Finance
645,Anna,No Gender,1985-03-13,09:19:00,45418,10.162,False,Marketing
646,Elizabeth,Female,2010-02-21,07:02:00,79145,19.78,False,Finance
647,Donald,Male,1988-04-06,10:00:00,122920,5.32,False,
648,Gregory,Male,1999-11-15,17:22:00,128031,15.857,True,Business Development
649,Ruth,Female,2004-02-17,05:38:00,59969,14.064,True,Finance
650,Cynthia,Female,1986-07-05,01:24:00,35381,11.749,False,Finance
651,Deborah,Female,1985-11-21,13:40:00,113129,17.371,False,Client Services
652,Willie,Male,2009-12-05,05:39:00,141932,1.017,True,Engineering
653,Debra,Female,2006-05-28,06:51:00,42296,16.922,False,Product
654,Carl,Male,1984-12-14,20:49:00,63395,11.411,False,Legal
655,Walter,Male,2007-09-24,23:16:00,125382,13.613,True,Client Services
656,Lisa,Female,1982-02-09,18:44:00,113592,17.108,True,Marketing
657,Rebecca,Female,2000-03-05,10:33:00,46750,11.367,True,Sales
658,Jessica,Female,1986-10-19,21:58:00,90285,13.591,True,Client Services
659,Steve,No Gender,2009-08-27,15:41:00,53692,4.785,True,Marketing
660,Mary,No Gender,1986-12-24,19:02:00,100341,6.662,False,Distribution
661,Craig,Male,1995-08-21,02:38:00,123876,4.225,False,Engineering
662,Katherine,Female,2000-12-19,01:40:00,41643,4.659,True,Distribution
663,Andrea,Female,1989-08-31,23:10:00,113760,12.866,True,Distribution
664,Timothy,Male,2010-10-06,22:49:00,49473,12.463,False,Legal
665,Anthony,Male,2013-02-13,13:35:00,146141,3.645,True,Distribution
666,Harold,No Gender,2004-02-04,11:02:00,79459,7.776,True,Business Development
667,Douglas,No Gender,2009-02-04,02:03:00,104496,14.771,True,Marketing
668,James,Male,2001-12-05,07:06:00,67789,17.105,True,Legal
669,Joseph,No Gender,1982-03-28,13:05:00,86564,11.879,True,
670,Martha,Female,2001-09-14,03:22:00,135758,14.782,True,Client Services
671,Laura,Female,2000-07-12,18:07:00,84672,3.96,False,Distribution
672,Robert,Male,1982-11-05,12:41:00,111580,10.982,False,Human Resources
673,Ralph,Male,1996-03-24,11:54:00,50455,16.248,False,Business Development
674,,Male,2012-08-28,19:56:00,88733,1.932,True,Human Resources
675,Diane,Female,2009-10-30,18:56:00,130577,12.791,False,Marketing
676,Annie,Female,1992-06-06,10:04:00,138925,9.801,True,Marketing
677,Jacqueline,Female,1994-09-20,18:07:00,62371,15.77,True,Client Services
678,Brenda,Female,1984-04-17,07:12:00,87715,2.675,False,Product
679,Lori,Female,2002-09-11,07:36:00,66029,3.345,True,Client Services
680,Albert,Male,1992-06-17,03:25:00,86818,14.301,True,Engineering
681,Frank,Male,2002-11-23,18:10:00,75147,17.398,False,Product
682,Deborah,Female,2000-04-23,18:55:00,105573,5.268,True,Product
683,Robin,No Gender,2005-12-20,14:42:00,41230,6.611,True,Distribution
684,Alice,Female,2016-01-21,17:07:00,117787,10.485,False,
685,,Male,1989-10-20,09:37:00,88086,19.387,True,Finance
686,Paul,No Gender,2011-02-18,12:23:00,91462,18.704,False,Finance
687,,Male,1996-12-27,07:07:00,139959,8.992,True,Distribution
688,Brian,Male,2007-04-07,22:47:00,93901,17.821,True,Legal
689,Julie,No Gender,1980-05-08,06:31:00,50529,17.263,False,Finance
690,Bruce,Male,2007-01-28,23:10:00,134988,13.926,True,Sales
691,Joan,Female,2007-10-02,02:53:00,120941,3.694,True,Finance
692,Harold,Male,2007-05-15,18:37:00,118753,8.162,False,Sales
693,Alice,Female,1995-10-16,21:19:00,92799,2.782,False,Sales
694,Barbara,Female,2011-11-12,00:35:00,85718,13.326,False,Client Services
695,Sarah,Female,1999-04-06,11:17:00,109517,5.146,False,Human Resources
696,Samuel,Male,2012-05-25,16:40:00,85550,11.593,True,Marketing
697,,Male,1990-05-23,02:09:00,136655,9.801,True,Distribution
698,Barbara,No Gender,2002-08-02,05:13:00,43312,8.218,True,Legal
699,Amy,No Gender,1984-05-19,11:47:00,102839,10.385,True,Distribution
700,Frank,Male,2009-03-02,21:15:00,78891,7.927,True,Distribution
701,Robin,No Gender,2005-09-16,01:26:00,93201,11.712,True,Legal
702,Debra,Female,2011-03-17,13:12:00,84693,6.976,True,Finance
703,Brandon,No Gender,2004-05-31,15:36:00,73587,9.769,True,Human Resources
704,Thomas,Male,1991-09-07,09:51:00,65251,11.211,False,Distribution
705,Harry,Male,2015-09-23,01:36:00,129148,15.193,True,Engineering
706,Todd,Male,1993-07-04,18:53:00,128175,18.473,True,
707,Patricia,Female,1998-03-07,01:10:00,75825,7.839,False,Engineering
708,Steve,Male,2002-01-11,21:17:00,51821,1.197,True,Legal
709,,Male,1995-04-07,04:32:00,60411,12.048,True,Human Resources
710,Edward,Male,1997-11-27,01:00:00,58327,17.095,True,Finance
711,Karen,Female,2014-01-09,22:09:00,46478,16.552,False,Engineering
712,Martin,No Gender,2001-02-06,04:17:00,123963,15.745,True,Engineering
713,Ann,Female,1994-09-28,05:44:00,79796,9.851,False,Distribution
714,Jonathan,Male,1984-07-30,18:02:00,83809,12.922,False,Distribution
715,Peter,Male,1982-03-22,07:28:00,77933,13.132,True,Engineering
716,Eric,Male,1993-06-15,03:56:00,51070,13.806,True,Business Development
717,Jason,No Gender,1988-04-15,20:16:00,97480,11.518,False,Human Resources
718,Terry,Male,2010-10-21,23:18:00,58357,7.969,False,Engineering
719,John,Male,1999-01-29,03:07:00,67165,13.001,False,Engineering
720,Marie,Female,1983-04-08,14:01:00,145988,18.685,True,Human Resources
721,Harold,Male,2010-04-16,05:13:00,147417,11.626,True,Business Development
722,Joshua,Male,1997-06-27,15:23:00,95003,5.197,True,Marketing
723,Brandon,No Gender,1992-09-05,02:32:00,144187,11.416,True,Legal
724,Andrea,Female,2001-12-10,06:40:00,37888,13.47,False,Engineering
725,Jeremy,Male,1991-05-19,13:40:00,131513,1.876,True,Finance
726,Daniel,Male,2016-02-29,04:04:00,77287,13.0,True,
727,Roy,Male,2004-05-10,13:22:00,46875,12.942,True,Sales
728,Dorothy,Female,2008-10-08,00:22:00,82744,19.111,True,Client Services
729,Steven,Male,1986-09-07,00:32:00,43252,18.892,False,Client Services
730,Nicole,Female,2009-04-26,00:40:00,66047,18.674,True,Marketing
731,Ann,Female,2001-07-16,09:27:00,118431,12.772,True,Finance
732,Henry,Male,1986-05-12,02:04:00,59943,1.432,False,Finance
733,,Male,2009-06-17,13:00:00,136681,3.655,True,Business Development
734,,Female,1994-12-18,20:42:00,138807,1.4,True,Human Resources
735,Barbara,Female,2002-11-26,05:32:00,82884,6.837,True,Business Development
736,Judy,Female,2011-04-05,01:44:00,48668,11.716,True,Product
737,Lawrence,Male,2011-07-23,03:41:00,122971,14.618,False,Product
738,Joseph,Male,2010-10-10,23:12:00,107050,12.737,False,Business Development
739,Carlos,Male,1981-01-25,10:00:00,138598,14.737,False,Sales
740,Russell,No Gender,2009-05-09,11:59:00,149456,3.533,False,Marketing
741,Jane,Female,1999-07-10,19:02:00,128540,15.941,False,Legal
742,Martin,Male,2016-02-25,18:29:00,61117,2.844,False,Client Services
743,Steven,Male,1980-05-30,20:25:00,100949,13.813,True,Human Resources
744,Judy,No Gender,2011-07-15,15:38:00,46829,5.19,True,Finance
745,James,Male,2008-02-16,02:49:00,69111,14.625,True,Business Development
746,Gloria,Female,2004-08-19,10:31:00,46602,1.027,True,Business Development
747,Ernest,Male,2001-06-30,13:46:00,61181,16.559,False,Business Development
748,Martha,Female,1997-07-17,23:11:00,94963,19.626,True,Business Development
749,Janet,No Gender,1986-01-25,05:48:00,85789,9.712,False,Legal
750,Louis,No Gender,1983-02-05,18:39:00,145274,16.379,False,Product
751,Tina,Female,1999-08-06,03:18:00,102841,3.369,False,Client Services
752,Henry,Male,2007-02-23,03:24:00,49665,18.338,False,Business Development
753,Antonio,Male,1999-06-06,22:54:00,41928,5.478,True,
754,Lisa,Female,2007-04-11,01:04:00,128042,2.03,True,Legal
755,Denise,Female,1984-02-19,06:22:00,86150,3.997,False,Client Services
756,Stephen,Male,1984-10-21,06:26:00,121816,10.615,True,Distribution
757,Benjamin,Male,1988-04-12,23:32:00,123409,7.783,False,Product
758,Carl,No Gender,2007-08-18,08:01:00,98295,7.617,True,Legal
759,Ruth,Female,1980-09-02,06:52:00,59678,10.895,False,Distribution
760,Shawn,Male,2006-12-29,03:05:00,57871,4.02,True,Human Resources
761,Jennifer,Female,2015-03-31,19:43:00,132084,10.006,True,Engineering
762,Terry,Male,2004-11-10,04:33:00,35633,3.947,True,Distribution
763,Jacqueline,Female,2008-07-27,12:08:00,125298,3.019,True,Legal
764,Roger,Male,1988-05-02,22:04:00,115582,15.343,True,Sales
765,Alice,No Gender,1995-04-23,06:35:00,148339,11.479,True,Finance
766,Justin,Male,1991-07-25,00:45:00,112975,9.699,False,Human Resources
767,Janet,Female,2008-07-12,12:10:00,36927,18.769,False,Client Services
768,Robin,Female,2004-03-26,17:41:00,70248,9.66,True,Sales
769,Samuel,No Gender,2002-10-07,03:08:00,141305,9.849,True,Marketing
770,Katherine,Female,2006-09-22,20:08:00,72002,13.178,True,Product
771,Peter,Male,1991-05-22,01:39:00,102577,12.026,True,Product
772,Lillian,Female,2009-08-14,05:41:00,113554,18.018,True,Business Development
773,,Male,1986-10-24,09:23:00,47176,10.736,True,Finance
774,,Female,2000-06-18,07:36:00,106428,10.867,True,
775,Rose,Female,1999-11-03,09:06:00,75181,6.06,True,Finance
776,Bobby,Male,2004-09-30,22:52:00,79047,18.784,False,Human Resources
777,Kimberly,Female,1986-04-20,15:55:00,52970,4.513,False,Sales
778,Antonio,Male,2003-12-28,04:17:00,137979,5.266,False,Distribution
779,Doris,Female,1984-09-08,19:03:00,114360,17.799,True,Business Development
780,Steven,Male,2009-07-05,04:55:00,110306,16.843,True,Human Resources
781,Lawrence,Male,1995-07-03,22:55:00,46378,9.127,False,
782,,Male,1986-05-06,16:41:00,74104,17.68,True,Client Services
783,,No Gender,1991-04-15,03:39:00,132505,13.592,True,Product
784,Stephanie,Female,1982-09-14,08:14:00,96649,3.453,False,Sales
785,,Female,1982-07-24,00:00:00,57811,8.941,True,Marketing
786,Sandra,Female,1989-09-07,16:17:00,111468,2.58,True,Product
787,Kevin,Male,2005-07-01,15:22:00,141498,4.135,True,Sales
788,Michelle,No Gender,2012-03-31,06:28:00,124441,16.353,False,Business Development
789,Lisa,Female,2000-07-08,21:19:00,40121,6.293,False,Product
790,Fred,Male,1989-03-03,02:27:00,129712,11.058,False,Finance
791,Joseph,Male,1982-11-04,21:46:00,126010,19.601,False,Legal
792,Anne,No Gender,1996-04-18,23:57:00,122762,9.564,False,Distribution
793,Andrea,Female,1999-07-22,09:25:00,149105,13.707,True,Distribution
794,Nicole,Female,2004-03-01,17:17:00,44021,10.286,False,
795,Theresa,No Gender,1995-10-07,10:16:00,42025,3.319,True,Human Resources
796,Catherine,Female,1986-08-31,18:20:00,59970,12.801,False,Client Services
797,Rose,Female,1982-12-31,18:50:00,145001,19.85,False,Engineering
798,Lawrence,Male,1984-10-01,14:06:00,102589,17.952,True,Marketing
799,Raymond,Male,1986-12-12,12:18:00,47529,2.712,True,Product
800,Clarence,Male,1989-08-05,18:11:00,148941,11.517,False,Product
801,Ryan,Male,1988-04-15,05:18:00,91109,17.499,True,Human Resources
802,Jane,Female,1992-01-12,13:23:00,51923,13.623,False,Business Development
803,Lois,Female,2012-07-28,11:39:00,53954,19.075,False,Product
804,Shawn,Male,2008-03-17,14:12:00,39335,10.664,False,Distribution
805,Thomas,Male,1990-05-03,09:29:00,111371,15.081,True,Engineering
806,Kathryn,Female,2008-01-29,00:29:00,86676,6.081,False,Sales
807,Mary,Female,2011-11-06,08:32:00,115057,2.089,False,Finance
808,Julie,Female,1980-03-08,05:13:00,145357,3.459,False,Engineering
809,George,Male,1995-09-27,17:04:00,36749,19.754,False,Finance
810,Ralph,Male,2000-02-10,16:48:00,89854,7.227,False,Business Development
811,Judith,Female,1989-09-03,11:16:00,134048,6.818,True,Marketing
812,,Male,1994-12-13,10:34:00,141311,5.478,True,Product
813,Evelyn,Female,2002-02-10,04:44:00,123621,19.767,True,Marketing
814,Rachel,Female,2011-06-23,00:52:00,54941,3.221,True,Distribution
815,Maria,No Gender,1986-01-18,20:36:00,106562,4.0,False,Human Resources
816,Kelly,Female,2007-03-17,18:20:00,39371,4.068,False,Engineering
817,Ruby,Female,2008-05-31,20:41:00,83112,4.083,False,Marketing
818,Ann,Female,1980-10-03,01:08:00,96941,10.048,True,Distribution
819,Kenneth,Male,1985-12-14,06:55:00,47232,17.862,True,Legal
820,William,Male,1993-11-18,12:27:00,54058,5.182,True,Human Resources
821,,Female,1980-12-27,02:27:00,80399,12.254,True,Distribution
822,Deborah,Female,2009-02-26,10:17:00,118043,7.266,True,Business Development
823,,Male,2009-11-12,14:30:00,109411,9.494,True,Engineering
824,Julia,Female,2014-08-18,03:12:00,97566,2.147,False,Marketing
825,Robert,No Gender,2000-12-04,01:20:00,69267,5.89,True,Sales
826,,No Gender,1988-08-01,01:35:00,87103,5.665,True,
827,Jesse,No Gender,2014-07-16,02:24:00,98811,7.487,False,Legal
828,Cynthia,Female,2006-07-12,08:55:00,149684,7.864,False,Product
829,Johnny,Male,2007-01-14,14:54:00,71383,2.097,True,Human Resources
830,Michael,Male,2002-08-31,01:20:00,81206,19.908,True,Distribution
831,Kenneth,Male,2015-01-15,14:41:00,69112,7.588,True,Finance
832,Keith,Male,2003-02-12,15:02:00,120672,19.467,False,Legal
833,Gerald,Male,2010-05-28,12:26:00,96511,9.331,False,Human Resources
834,Carl,No Gender,1982-02-11,07:54:00,49325,2.071,True,Business Development
835,Douglas,Male,2007-08-04,05:23:00,132175,2.28,False,Engineering
836,Carolyn,Female,2004-03-17,06:38:00,118037,13.492,False,Finance
837,Joseph,Male,1985-05-23,22:16:00,139570,15.804,True,Finance
838,Billy,Male,2000-04-06,15:14:00,115280,9.153,False,Distribution
839,Joyce,Female,2001-07-25,06:04:00,51065,16.807,False,Human Resources
840,Lillian,Female,2002-08-26,08:53:00,103854,4.924,True,Distribution
841,Ruby,Female,2006-08-13,18:27:00,48354,19.501,False,Business Development
842,Sandra,Female,1998-02-07,12:39:00,132327,19.264,False,Product
843,Louise,Female,1982-02-26,01:03:00,106362,8.965,False,Sales
844,Maria,No Gender,1985-06-19,01:48:00,148857,8.738,False,Legal
845,Brenda,Female,1981-01-03,18:01:00,131131,11.682,False,Client Services
846,Stephen,Male,1990-09-10,22:42:00,129663,15.574,False,Human Resources
847,Nicole,No Gender,1981-05-02,12:03:00,41449,4.707,False,Finance
848,Bobby,Male,1984-06-05,07:40:00,93368,2.88,True,Product
849,Ernest,Male,1997-09-06,14:02:00,53335,9.192,False,Product
850,Charles,Male,1997-09-03,10:04:00,148291,6.002,False,
851,Bobby,Male,1996-08-19,01:16:00,147842,16.158,True,
852,Diana,Female,2004-11-19,08:47:00,105066,17.343,True,Business Development
853,Mildred,Female,2007-04-06,22:06:00,139284,11.39,True,
854,Harry,Male,1985-02-10,19:46:00,63046,10.411,False,Finance
855,Phillip,No Gender,2003-10-20,11:09:00,89700,2.277,True,
856,Bonnie,No Gender,2006-01-18,18:52:00,108946,12.211,False,Finance
857,Marie,Female,1993-12-08,18:28:00,98406,7.943,True,Product
858,Sean,Male,2006-04-25,16:51:00,108581,9.634,False,Human Resources
859,Robin,Female,2012-10-01,02:44:00,41808,19.239,False,Business Development
860,Phillip,Male,1984-10-07,11:05:00,36837,14.66,False,Marketing
861,Jerry,Male,1989-03-26,04:15:00,140850,18.855,False,Finance
862,Ronald,Male,1983-05-25,10:05:00,50426,18.536,True,Sales
863,Phillip,Male,1984-05-15,06:15:00,134120,6.842,False,Human Resources
864,Ryan,Male,2012-11-16,13:47:00,57292,6.01,False,
865,Karen,Female,1997-08-29,16:56:00,80633,16.306,False,Legal
866,Bonnie,Female,2004-08-25,02:17:00,131943,14.249,False,Client Services
867,Earl,Male,2013-06-15,03:00:00,48046,7.737,False,Marketing
868,Katherine,Female,2013-08-18,15:58:00,97443,13.657,False,Product
869,Matthew,Male,1995-08-03,05:39:00,135352,7.986,True,Business Development
870,Cynthia,No Gender,1996-11-19,22:40:00,107816,18.751,False,Marketing
871,Gerald,Male,2003-03-29,10:37:00,96329,2.469,True,Engineering
872,Brenda,Female,2015-01-18,16:39:00,73749,19.332,False,Business Development
873,Jason,Male,1998-05-01,18:05:00,75607,4.299,True,Sales
874,Melissa,Female,1994-09-08,04:11:00,98858,3.525,True,Human Resources
875,Beverly,Female,1998-04-11,14:27:00,76485,9.212,True,Engineering
876,Terry,No Gender,1992-09-11,16:41:00,41238,8.219,False,Marketing
877,,Male,1980-09-05,07:36:00,114896,13.823,True,Client Services
878,Jacqueline,Female,2003-05-25,19:13:00,125418,8.064,False,Distribution
879,Amy,Female,2009-05-20,06:26:00,75415,19.132,False,Client Services
880,Robert,No Gender,2007-05-25,03:17:00,90998,8.382,False,Finance
881,Ruby,Female,1980-01-28,23:08:00,142868,6.318,False,Marketing
882,Sara,No Gender,2014-11-18,14:47:00,135990,14.344,True,Distribution
883,Kathryn,Female,1995-10-27,15:39:00,57300,18.015,False,Marketing
884,Lisa,Female,2003-10-17,13:42:00,73706,18.53,False,Finance
885,Juan,Male,1993-10-06,08:52:00,85871,9.16,False,Product
886,Anthony,Male,2014-01-30,21:04:00,96795,14.837,False,Sales
887,David,Male,2009-12-05,08:48:00,92242,15.407,False,Legal
888,Marilyn,Female,2007-10-08,00:32:00,115149,11.934,True,Legal
889,Margaret,Female,2001-01-04,03:07:00,126924,1.552,True,Finance
890,,Male,2015-11-24,03:11:00,145329,7.1,True,Finance
891,Timothy,Male,1991-08-25,10:37:00,92587,8.475,False,Finance
892,Brandon,Male,1995-10-23,12:04:00,60263,2.709,False,Sales
893,Frank,Male,2013-07-27,16:32:00,91406,5.681,True,Business Development
894,Betty,Female,2002-11-19,10:40:00,37005,7.645,True,Marketing
895,Janice,No Gender,1991-11-19,18:02:00,139791,16.968,False,Business Development
896,Victor,Male,2010-03-10,17:01:00,45267,3.942,True,Sales
897,Kenneth,No Gender,1994-02-28,10:10:00,95296,10.146,False,Finance
898,Jane,Female,2012-04-27,14:12:00,59680,15.211,True,Business Development
899,Walter,Male,1992-05-21,00:39:00,144701,16.323,True,Marketing
900,Christina,Female,2002-06-23,15:18:00,35477,18.178,False,Human Resources
901,Patricia,Female,1995-10-10,16:52:00,119266,6.911,False,Distribution
902,,Male,2001-05-23,19:52:00,103877,6.322,True,Distribution
903,Heather,Female,1983-07-29,10:48:00,47605,14.955,True,Human Resources
904,Stephanie,Female,1988-06-26,05:48:00,136604,6.16,True,Human Resources
905,Alice,Female,2013-02-09,00:49:00,121250,4.363,True,Finance
906,Frances,Female,2014-05-16,08:31:00,35884,17.667,False,Sales
907,Elizabeth,Female,1998-07-27,11:12:00,137144,10.081,False,Finance
908,Janice,Female,2009-12-17,06:42:00,102697,3.283,False,Engineering
909,Donald,Male,1991-08-01,02:25:00,61999,6.466,False,Product
910,Melissa,Female,2002-10-22,01:20:00,45223,8.879,True,Legal
911,Carl,Male,2010-07-07,13:33:00,54033,15.528,True,Business Development
912,Joe,Male,1998-12-08,10:28:00,126120,1.02,False,
913,Lois,Female,2015-12-11,16:10:00,99747,6.168,False,Marketing
914,Ann,Female,2001-09-28,06:37:00,71958,5.272,True,Distribution
915,Todd,Male,1983-01-04,12:34:00,115566,6.716,True,Client Services
916,Marilyn,Female,1996-01-16,07:18:00,118369,7.696,True,Business Development
917,Shawn,Male,2008-03-13,17:36:00,51667,6.339,False,Product
918,Ryan,Male,1999-04-27,03:41:00,85858,19.475,False,Client Services
919,Sean,Male,2009-03-21,11:38:00,131423,8.957,False,Distribution
920,Rose,Female,2002-01-02,21:14:00,49538,9.828,False,Client Services
921,George,Male,2015-06-05,05:40:00,50369,18.9,True,Sales
922,Arthur,Male,2013-12-05,08:44:00,86615,3.412,True,Business Development
923,Irene,No Gender,1991-02-28,22:23:00,135369,4.38,False,Business Development
924,Deborah,Female,2003-11-11,16:53:00,60003,9.624,False,Client Services
925,,Female,2000-08-23,16:19:00,95866,19.388,True,Sales
926,Judith,Female,2004-03-01,07:32:00,109324,19.488,False,Distribution
927,Philip,Male,2005-03-11,10:56:00,103557,16.014,True,Business Development
928,Jeffrey,Male,1986-09-20,06:06:00,111376,2.673,True,Business Development
929,Theresa,Female,2001-04-27,21:17:00,75661,1.079,True,Legal
930,Nancy,Female,2001-09-10,23:57:00,85213,2.386,True,Marketing
931,Harold,Male,2012-06-23,12:40:00,140444,3.771,False,Distribution
932,Bonnie,Female,2008-12-23,09:26:00,90427,2.01,True,Client Services
933,Doris,Female,1993-07-05,17:54:00,141439,3.799,False,Business Development
934,Samuel,Male,1997-08-07,12:40:00,43694,3.787,True,Engineering
935,Alice,Female,1996-03-23,03:09:00,131952,12.09,False,Engineering
936,Maria,Female,2003-03-14,17:23:00,96250,10.056,False,Business Development
937,Aaron,No Gender,1986-01-22,19:39:00,63126,18.424,False,Client Services
938,Mark,No Gender,2006-09-09,12:27:00,44836,2.657,False,Client Services
939,Ralph,No Gender,1995-07-28,18:53:00,70635,2.147,False,Client Services
940,Andrew,Male,1990-09-28,09:38:00,137386,8.611,True,Distribution
941,William,Male,1997-06-26,08:33:00,104840,15.653,True,Engineering
942,Lori,Female,2015-11-20,13:15:00,75498,6.537,True,Marketing
943,Wayne,Male,2006-09-08,11:09:00,67471,2.728,False,Engineering
944,Kenneth,Male,2006-05-10,08:24:00,101914,1.905,True,Distribution
945,Gerald,No Gender,1989-04-15,12:44:00,93712,17.426,True,Distribution
946,,Female,1985-09-15,01:50:00,133472,16.941,True,Distribution
947,,Male,2012-07-30,15:07:00,107351,5.329,True,Marketing
948,Ashley,Female,2006-03-31,13:24:00,142410,11.048,True,Engineering
949,Scott,Male,2011-08-20,08:08:00,37385,8.226,True,Business Development
950,Paula,Female,1983-05-21,11:42:00,58423,10.833,False,Business Development
951,,Female,2010-09-14,05:19:00,143638,9.662,True,
952,Teresa,Female,2013-01-22,15:17:00,113425,11.907,True,Human Resources
953,Randy,Male,2012-02-25,05:33:00,57266,14.077,False,Product
954,Joe,Male,1980-01-19,16:06:00,119667,1.148,True,Finance
955,Sarah,Female,2014-08-17,23:08:00,127118,11.176,False,Legal
956,Beverly,Female,1986-10-17,00:51:00,80838,8.115,False,Engineering
957,Jeffrey,Male,1984-02-03,13:26:00,70990,15.901,True,Sales
958,Gloria,Female,1987-10-24,04:43:00,39833,9.631,False,Engineering
959,Albert,Male,1992-09-19,02:35:00,45094,5.85,True,Business Development
960,Stephen,Male,1989-10-29,23:34:00,93997,18.093,True,Business Development
961,Antonio,No Gender,1989-06-18,21:37:00,103050,3.05,False,Legal
962,Jonathan,Male,2013-08-21,00:45:00,121797,16.923,False,Product
963,Ann,Female,1994-09-23,11:15:00,89443,17.94,True,Sales
964,Bruce,Male,1980-05-07,20:00:00,35802,12.391,True,Sales
965,Catherine,Female,1989-09-25,01:31:00,68164,18.393,False,Client Services
966,Louis,Male,2011-08-16,17:19:00,93022,9.146,True,Human Resources
967,Thomas,Male,2016-03-12,15:10:00,105681,19.572,False,Engineering
968,Louise,Female,1995-03-27,22:27:00,43050,11.671,False,Distribution
969,Linda,Female,2010-02-04,20:49:00,44486,17.308,True,Engineering
970,Alice,Female,1988-09-03,20:54:00,63571,15.397,True,Product
971,Patrick,Male,2002-12-30,02:01:00,75423,5.368,True,Business Development
972,Victor,No Gender,2006-07-28,14:49:00,76381,11.159,True,Sales
973,Russell,Male,2013-05-10,23:08:00,137359,11.105,False,Business Development
974,Harry,Male,2011-08-30,18:31:00,67656,16.455,True,Client Services
975,Susan,Female,1995-04-07,22:05:00,92436,12.467,False,Sales
976,Denise,Female,1992-10-19,05:42:00,137954,4.195,True,Legal
977,Sarah,Female,1995-12-04,09:16:00,124566,5.949,False,Product
978,Sean,Male,1983-01-17,14:23:00,66146,11.178,False,Human Resources
979,Ernest,Male,2013-07-20,06:41:00,142935,13.198,True,Product
980,Kimberly,Female,2013-01-26,00:57:00,46233,8.862,True,Engineering
981,James,Male,1993-01-15,17:19:00,148985,19.28,False,Legal
982,Rose,Female,1982-04-06,10:43:00,91411,8.639,True,Human Resources
983,John,Male,1982-12-23,22:35:00,146907,11.738,False,Engineering
984,Maria,Female,2011-10-15,16:53:00,43455,13.04,False,Engineering
985,Stephen,No Gender,1983-07-10,20:10:00,85668,1.909,False,Legal
986,Donna,Female,1982-11-26,07:04:00,82871,17.999,False,Marketing
987,Gloria,Female,2014-12-08,05:08:00,136709,10.331,True,Finance
988,Alice,Female,2004-10-05,09:34:00,47638,11.209,False,Human Resources
989,Justin,No Gender,1991-02-10,16:58:00,38344,3.794,False,Legal
990,Robin,Female,1987-07-24,13:35:00,100765,10.982,True,Client Services
991,Rose,Female,2002-08-25,05:12:00,134505,11.051,True,Marketing
992,Anthony,Male,2011-10-16,08:35:00,112769,11.625,True,Finance
993,Tina,Female,1997-05-15,15:53:00,56450,19.04,True,Engineering
994,George,Male,2013-06-21,17:47:00,98874,4.479,True,Marketing
995,Henry,No Gender,2014-11-23,06:09:00,132483,16.655,False,Distribution
996,Phillip,Male,1984-01-31,06:30:00,42392,19.675,False,Finance
997,Russell,Male,2013-05-20,12:39:00,96914,1.421,False,Product
998,Larry,Male,2013-04-20,16:45:00,60500,11.985,False,Business Development
999,Albert,Male,2012-05-15,18:24:00,129949,10.169,True,Sales
